{
  "formatVersion": 1,
  "database": {
    "version": 1,
    "identityHash": "15509cd76cf4721e837c774ff12ca6ef",
    "entities": [
      {
        "tableName": "Usuario",
        "createSql": "CREATE TABLE IF NOT EXISTS `${TABLE_NAME}` (`nome` TEXT NOT NULL, `sobrenome` TEXT NOT NULL, `pensamento` TEXT, `sobremim` TEXT, `email` TEXT NOT NULL, `senha` TEXT NOT NULL, `id` INTEGER PRIMARY KEY AUTOINCREMENT)",
        "fields": [
          {
            "fieldPath": "nome",
            "columnName": "nome",
            "affinity": "TEXT",
            "notNull": true
          },
          {
            "fieldPath": "sobrenome",
            "columnName": "sobrenome",
            "affinity": "TEXT",
            "notNull": true
          },
          {
            "fieldPath": "pensamento",
            "columnName": "pensamento",
            "affinity": "TEXT",
            "notNull": false
          },
          {
            "fieldPath": "sobremim",
            "columnName": "sobremim",
            "affinity": "TEXT",
            "notNull": false
          },
          {
            "fieldPath": "email",
            "columnName": "email",
            "affinity": "TEXT",
            "notNull": true
          },
          {
            "fieldPath": "senha",
            "columnName": "senha",
            "affinity": "TEXT",
            "notNull": true
          },
          {
            "fieldPath": "id",
            "columnName": "id",
            "affinity": "INTEGER",
            "notNull": false
          }
        ],
        "primaryKey": {
          "columnNames": [
            "id"
          ],
          "autoGenerate": true
        },
        "indices": [],
        "foreignKeys": []
      },
      {
        "tableName": "Genero",
        "createSql": "CREATE TABLE IF NOT EXISTS `${TABLE_NAME}` (`tipo` TEXT NOT NULL, `usuario_id` INTEGER NOT NULL, `id` INTEGER PRIMARY KEY AUTOINCREMENT)",
        "fields": [
          {
            "fieldPath": "tipo",
            "columnName": "tipo",
            "affinity": "TEXT",
            "notNull": true
          },
          {
            "fieldPath": "usuario_id",
            "columnName": "usuario_id",
            "affinity": "INTEGER",
            "notNull": true
          },
          {
            "fieldPath": "id",
            "columnName": "id",
            "affinity": "INTEGER",
            "notNull": false
          }
        ],
        "primaryKey": {
          "columnNames": [
            "id"
          ],
          "autoGenerate": true
        },
        "indices": [],
        "foreignKeys": []
      }
    ],
    "views": [],
    "setupQueries": [
      "CREATE TABLE IF NOT EXISTS room_master_table (id INTEGER PRIMARY KEY,identity_hash TEXT)",
      "INSERT OR REPLACE INTO room_master_table (id,identity_hash) VALUES(42, '15509cd76cf4721e837c774ff12ca6ef')"
    ]
  }
}